Hasta Team55,Hasta Team55,365-23-6523,hastateam55,154525,hasta@team.55
Doug Treutel,Zboncak,420-07-1110,user_112233445_56677889991649445784303,59508,jeremiah.medhurst@yahoo.com
PatientMehmet,PatientMehmet,888-89-4567,user_112233445_5667788999165021173028,73632,meh123met@medunna.com
Caridads,Koepps,839-97-7135,waylon.rodriguezz,66242,williemae.considine@hotmail.coms
Kimi,Metz,647-52-4303,kimimetz,126267,kimimetz@gmail.com
KevinTeam90,MarquardtTeam90,209-88-2616,kevinteam90marquardtteam90team90,76439,kevinteam90marquardtteam90@example.com
Stuart,Crooks,710-50-6502,user_112233445_56677889991658286615287,130066,stuartcrooks@gmail.com
Francine,Kozey,545-63-9483,yang.wyman,123714,coletta.dooley@hotmail.com
hastamisin,hastaa,856-45-6776,bakalim,4,hastapasta@gmail.com
userRecepT,userTRecep,555-65-4587,usrecept,3334,userrecept@gma.com
Zemily,Shan,668-83-4231,yamangokhnan,116120,c@gmail.com
Team83_Flora,PostRequest_Torp,830-97-7748,team83_steven.pagac,127072,team83_josue.schoen@hotmail.com
Giovanna,Wunsch,317-16-6114,horacio.gerlach,123712,marlin.price@gmail.com
,hy,456-87-1234,hy,131032,hy@gmail.com
Gok,Ahmet1,128-65-1234,ahmet,3309,ahmet@gmail.com
tekin,mustafa,111-22-3333,mustafatekin,3317,mustafa@qa.team
Vusal,Gasimov,234-23-2345,user_112233445_56677889991657123742123,110326,vusalgasimov@gmail.com
qw,qw,122-56-9045,qww,127749,qww@gmail.com
Mohamed,Russel,411-73-3731,iona.stamm,113792,antonia.hagenes@hotmail.com
Staff,Staff,564-34-2342,staff,1151,staff@email.com
